RandomForestRegressor(), RandomForestRegressor(), RandomForestRegressor(), RandomForestRegressor(), RandomForestRegressor(), RandomForestRegressor()
ExtraTreesRegressor(), ExtraTreesRegressor(), ExtraTreesRegressor(), ExtraTreesRegressor(), ExtraTreesRegressor(), ExtraTreesRegressor()
BaggingRegressor(), BaggingRegressor(), BaggingRegressor(), BaggingRegressor(), BaggingRegressor(), BaggingRegressor()
GradientBoostingRegressor(), GradientBoostingRegressor(), GradientBoostingRegressor(), GradientBoostingRegressor(), GradientBoostingRegressor(), GradientBoostingRegressor()
AdaBoostRegressor(), AdaBoostRegressor(), AdaBoostRegressor(), AdaBoostRegressor(), AdaBoostRegressor(), AdaBoostRegressor()
GaussianProcessRegressor(), GaussianProcessRegressor(), GaussianProcessRegressor(), GaussianProcessRegressor(), GaussianProcessRegressor(), GaussianProcessRegressor()
ARDRegression(), ARDRegression(), ARDRegression(), ARDRegression(), ARDRegression(), ARDRegression()
HuberRegressor(), HuberRegressor(), HuberRegressor(), HuberRegressor(), HuberRegressor(), HuberRegressor()
LinearRegression(), LinearRegression(), LinearRegression(), LinearRegression(), LinearRegression(), LinearRegression()
PassiveAggressiveRegressor(), PassiveAggressiveRegressor(), PassiveAggressiveRegressor(), PassiveAggressiveRegressor(), PassiveAggressiveRegressor(), PassiveAggressiveRegressor()
SGDRegressor(), SGDRegressor(), SGDRegressor(), SGDRegressor(), SGDRegressor(), SGDRegressor()
TheilSenRegressor(max_subpopulation=10000),TheilSenRegressor(max_subpopulation=10000),TheilSenRegressor(max_subpopulation=10000),TheilSenRegressor(max_subpopulation=10000),TheilSenRegressor(max_subpopulation=10000),TheilSenRegressor(max_subpopulation=10000)
KNeighborsRegressor(), KNeighborsRegressor(), KNeighborsRegressor(), KNeighborsRegressor(), KNeighborsRegressor(), KNeighborsRegressor()
RadiusNeighborsRegressor(), RadiusNeighborsRegressor(), RadiusNeighborsRegressor(), RadiusNeighborsRegressor(), RadiusNeighborsRegressor(), RadiusNeighborsRegressor()
MLPRegressor(), MLPRegressor(), MLPRegressor(), MLPRegressor(), MLPRegressor(), MLPRegressor()
DecisionTreeRegressor(), DecisionTreeRegressor(), DecisionTreeRegressor(), DecisionTreeRegressor(), DecisionTreeRegressor(), DecisionTreeRegressor()
ExtraTreeRegressor(), ExtraTreeRegressor(), ExtraTreeRegressor(), ExtraTreeRegressor(), ExtraTreeRegressor(), ExtraTreeRegressor()
SVR(), SVR(), SVR(), SVR(), SVR(), SVR()
BayesianRidge(), BayesianRidge(), BayesianRidge(), BayesianRidge(), BayesianRidge(), BayesianRidge()
CCA(), CCA(), CCA(), CCA(), CCA(), CCA()
ElasticNet(), ElasticNet(), ElasticNet(), ElasticNet(), ElasticNet(), ElasticNet()
ElasticNetCV(), ElasticNetCV(), ElasticNetCV(), ElasticNetCV(), ElasticNetCV(), ElasticNetCV()
KernelRidge(), KernelRidge(), KernelRidge(), KernelRidge(), KernelRidge(), KernelRidge()
Lars(), Lars(), Lars(), Lars(), Lars(), Lars()
LarsCV(), LarsCV(), LarsCV(), LarsCV(), LarsCV(), LarsCV()
Lasso(), Lasso(), Lasso(), Lasso(), Lasso(), Lasso()
LassoCV(), LassoCV(), LassoCV(), LassoCV(), LassoCV(), LassoCV()
LassoLars(), LassoLars(), LassoLars(), LassoLars(), LassoLars(), LassoLars()
LassoLarsIC(), LassoLarsIC(), LassoLarsIC(), LassoLarsIC(), LassoLarsIC(), LassoLarsIC()
LassoLarsCV(), LassoLarsCV(), LassoLarsCV(), LassoLarsCV(), LassoLarsCV(), LassoLarsCV()
NuSVR(), NuSVR(), NuSVR(), NuSVR(), NuSVR(), NuSVR()
OrthogonalMatchingPursuit(), OrthogonalMatchingPursuit(), OrthogonalMatchingPursuit(), OrthogonalMatchingPursuit(), OrthogonalMatchingPursuit(), OrthogonalMatchingPursuit()
OrthogonalMatchingPursuitCV(), OrthogonalMatchingPursuitCV(), OrthogonalMatchingPursuitCV(), OrthogonalMatchingPursuitCV(), OrthogonalMatchingPursuitCV(), OrthogonalMatchingPursuitCV()
PLSCanonical(), PLSCanonical(), PLSCanonical(), PLSCanonical(), PLSCanonical(), PLSCanonical()
Ridge(), Ridge(), Ridge(), Ridge(), Ridge(), Ridge()
RidgeCV(alphas=array([ 0.1,RidgeCV(alphas=array([ 0.1,RidgeCV(alphas=array([ 0.1,RidgeCV(alphas=array([ 0.1,RidgeCV(alphas=array([ 0.1,RidgeCV(alphas=array([ 0.1
LinearSVR(), LinearSVR(), LinearSVR(), LinearSVR(), LinearSVR(), LinearSVR()
RidgeCV(alphas=array([ 0.1,1,10. ])),Donâ€™t,Consider,This line